<?xml version="1.0" encoding="utf-8"?>
<!--/332219/908816/2.50/2/5/Resistor/-->
<quadcept_library>
  <setting unit="mil" />
  <textstyle name="Default" height="47.244094488189" strokewidth="7.8740157480315" charwidth="47.244094488189" />
  <textstyle name="Dimension" height="19.6850393700787" strokewidth="0" charwidth="19.6850393700787" />
  <textstyle name="H127W0635TH00762" height="50" strokewidth="3" charwidth="25" />
  <textstyle name="H15W15TH02" height="59.0551181102362" strokewidth="7.8740157480315" charwidth="59.0551181102362" />
  <padstyle name="r110_100" surface="True" plated="False" isvia="False" nopaste="False" nomask="True" complex="False" holesize="0">
    <padshape layer="TOP" shape="rectangle" width="39.370078740157" height="43.307086614173" />
    <padshape layer="TOP_SOLDER_MASK" shape="rectangle" width="47.244094488188" height="51.181102362204" />
    <padshape layer="TOP_SOLDER_PASTE" shape="rectangle" width="39.370078740157" height="43.307086614173" />
  </padstyle>
  <footprint name="RESC1608X55N" originx="0" originy="0" pickpointx="0" pickpointy="0">
    <pcbpin number="1" name="1" style="r110_100" originx="-25.590551181102" originy="0" rotation="90" />
    <pcbpin number="2" name="2" style="r110_100" originx="25.590551181102" originy="0" rotation="90" />
    <line layer="TOP_PLACE_BOUND" originx="-33.464566929133" originy="-18.700787401575" endx="33.464566929133" endy="-18.700787401575" width="0.039370078740157" />
    <line layer="TOP_PLACE_BOUND" originx="33.464566929133" originy="-18.700787401575" endx="33.464566929133" endy="18.700787401575" width="0.039370078740157" />
    <line layer="TOP_PLACE_BOUND" originx="33.464566929133" originy="18.700787401575" endx="-33.464566929133" endy="18.700787401575" width="0.039370078740157" />
    <line layer="TOP_PLACE_BOUND" originx="-33.464566929133" originy="18.700787401575" endx="-33.464566929133" endy="-18.700787401575" width="0.039370078740157" />
    <line layer="TOP_PLACE_BOUND" originx="-57.086614173228" originy="-29.527559055118" endx="57.086614173228" endy="-29.527559055118" width="1.9685039370079" />
    <line layer="TOP_PLACE_BOUND" originx="57.086614173228" originy="-29.527559055118" endx="57.086614173228" endy="29.527559055118" width="1.9685039370079" />
    <line layer="TOP_PLACE_BOUND" originx="57.086614173228" originy="29.527559055118" endx="-57.086614173228" endy="29.527559055118" width="1.9685039370079" />
    <line layer="TOP_PLACE_BOUND" originx="-57.086614173228" originy="29.527559055118" endx="-57.086614173228" endy="-29.527559055118" width="1.9685039370079" />
    <arc layer="TOP_PLACE_BOUND" originx="-13.779527559055" originy="0" startangle="180" sweepangle="180" radius="0" width="1.9685039370079" />
    <arc layer="TOP_PLACE_BOUND" originx="-13.779527559055" originy="0" startangle="180" sweepangle="-180" radius="0" width="1.9685039370079" />
    <line layer="TOP_PLACE_BOUND" originx="0" originy="-19.685039370078" endx="0" endy="19.685039370078" width="1.9685039370079" />
    <line layer="TOP_PLACE_BOUND" originx="-19.685039370078" originy="0" endx="19.685039370078" endy="0" width="1.9685039370079" />
    <line layer="TOP_ASSEMBLY" originx="-31.496062992126" originy="-15.748031496063" endx="31.496062992126" endy="-15.748031496063" width="3.9370078740157" />
    <line layer="TOP_ASSEMBLY" originx="31.496062992126" originy="-15.748031496063" endx="31.496062992126" endy="15.748031496063" width="3.9370078740157" />
    <line layer="TOP_ASSEMBLY" originx="31.496062992126" originy="15.748031496063" endx="-31.496062992126" endy="15.748031496063" width="3.9370078740157" />
    <line layer="TOP_ASSEMBLY" originx="-31.496062992126" originy="15.748031496063" endx="-31.496062992126" endy="-15.748031496063" width="3.9370078740157" />
  </footprint>
  <symbol name="RC0603FR-0747KL" originx="0" originy="0">
    <line originx="200" originy="50" endx="500" endy="50" width="0" />
    <line originx="500" originy="-50" endx="500" endy="50" width="0" />
    <line originx="500" originy="-50" endx="200" endy="-50" width="0" />
    <line originx="200" originy="50" endx="200" endy="-50" width="0" />
    <sympin number="1" originx="200" originy="0" rotation="180" length="100" width="7.8740157480315" flipped="False">
      <text name="pinname" originx="0" originy="-10" style="Default" rotation="0" justify="upperleft" flipped="False" hidden="True" data="1" />
      <text name="pindes" originx="0" originy="10" style="Default" rotation="0" justify="lowerleft" flipped="False" hidden="False" data="1" />
    </sympin>
    <sympin number="2" originx="500" originy="0" rotation="0" length="100" width="7.8740157480315" flipped="False">
      <text name="pinname" originx="700" originy="-10" style="Default" rotation="0" justify="upperright" flipped="False" hidden="True" data="2" />
      <text name="pindes" originx="700" originy="10" style="Default" rotation="0" justify="lowerright" flipped="False" hidden="False" data="2" />
    </sympin>
  </symbol>
  <component name="RC0603FR-0747KL" designatorprefix="R" height="21.653543307086" footprint="RESC1608X55N">
    <comppin designator="1" sympin="1" pinswap="0" gateswap="0" gate="1" group="1" side="" type="Any" name="1" />
    <comppin designator="2" sympin="2" pinswap="0" gateswap="0" gate="1" group="1" side="" type="Any" name="2" />
    <attached_symbol gate="1" name="RC0603FR-0747KL" />
    <pinmap designator="1" footprintpin="1" />
    <pinmap designator="2" footprintpin="2" />
    <text name="Datasheet" originx="0" originy="0" style="Default" rotation="0" justify="" flipped="False" hidden="True" data="http://www.yageo.com/documents/recent/PYu-RC0603_51_RoHS_L_v5.pdf" />
    <text name="Description" originx="0" originy="0" style="Default" rotation="0" justify="" flipped="False" hidden="True" data="YAGEO (PHYCOMP) - RC0603FR-0747KL - RES, THICK FILM, 47K, 1%, 0.1W, 0603" />
    <text name="Manufacturer_Name" originx="0" originy="0" style="Default" rotation="0" justify="" flipped="False" hidden="True" data="KEMET" />
    <text name="Manufacturer_Part_Number" originx="550" originy="150" style="Default" rotation="0" justify="left" flipped="False" hidden="False" data="RC0603FR-0747KL" />
    <text name="Mouser Part Number" originx="0" originy="0" style="Default" rotation="0" justify="" flipped="False" hidden="True" data="603-RC0603FR-0747KL" />
    <text name="Mouser Price/Stock" originx="0" originy="0" style="Default" rotation="0" justify="" flipped="False" hidden="True" data="https://www.mouser.co.uk/ProductDetail/YAGEO/RC0603FR-0747KL?qs=gt6vzsuosg3jXzmCiDCCdg%3D%3D" />
    <text name="Arrow Part Number" originx="0" originy="0" style="Default" rotation="0" justify="" flipped="False" hidden="True" data="RC0603FR-0747KL" />
    <text name="Arrow Price/Stock" originx="0" originy="0" style="Default" rotation="0" justify="" flipped="False" hidden="True" data="https://www.arrow.com/en/products/rc0603fr-0747kl/yageo?region=nac" />
  </component>
</quadcept_library>
