<?xml version="1.0" encoding="utf-8"?>
<!--/467814/908816/2.50/2/3/Capacitor Polarised/-->
<quadcept_library>
  <setting unit="mil" />
  <textstyle name="Default" height="47.244094488189" strokewidth="7.8740157480315" charwidth="47.244094488189" />
  <textstyle name="Dimension" height="19.6850393700787" strokewidth="0" charwidth="19.6850393700787" />
  <textstyle name="H127W0635TH00762" height="50" strokewidth="3" charwidth="25" />
  <textstyle name="H15W15TH02" height="59.0551181102362" strokewidth="7.8740157480315" charwidth="59.0551181102362" />
  <padstyle name="r260_180" surface="True" plated="False" isvia="False" nopaste="False" nomask="True" complex="False" holesize="0">
    <padshape layer="TOP" shape="rectangle" width="70.866141732283" height="102.36220472441" />
    <padshape layer="TOP_SOLDER_MASK" shape="rectangle" width="78.740157480314" height="110.23622047244" />
    <padshape layer="TOP_SOLDER_PASTE" shape="rectangle" width="70.866141732283" height="102.36220472441" />
  </padstyle>
  <footprint name="CAPAE430X550N" originx="0" originy="0" pickpointx="0" pickpointy="0">
    <pcbpin number="1" name="1" style="r260_180" originx="-64.960629921259" originy="0" rotation="90" />
    <pcbpin number="2" name="2" style="r260_180" originx="64.960629921259" originy="0" rotation="90" />
    <line layer="TOP_PLACE_BOUND" originx="-135.82677165354" originy="108.26771653543" endx="135.82677165354" endy="108.26771653543" width="1.9685039370079" />
    <line layer="TOP_PLACE_BOUND" originx="135.82677165354" originy="108.26771653543" endx="135.82677165354" endy="-108.26771653543" width="1.9685039370079" />
    <line layer="TOP_PLACE_BOUND" originx="135.82677165354" originy="-108.26771653543" endx="-135.82677165354" endy="-108.26771653543" width="1.9685039370079" />
    <line layer="TOP_PLACE_BOUND" originx="-135.82677165354" originy="-108.26771653543" endx="-135.82677165354" endy="108.26771653543" width="1.9685039370079" />
    <line layer="TOP_ASSEMBLY" originx="84.645669291338" originy="84.645669291338" endx="-42.322834645669" endy="84.645669291338" width="3.9370078740157" />
    <line layer="TOP_ASSEMBLY" originx="-42.322834645669" originy="84.645669291338" endx="-84.645669291338" endy="42.322834645669" width="3.9370078740157" />
    <line layer="TOP_ASSEMBLY" originx="-84.645669291338" originy="42.322834645669" endx="-84.645669291338" endy="-42.322834645669" width="3.9370078740157" />
    <line layer="TOP_ASSEMBLY" originx="-84.645669291338" originy="-42.322834645669" endx="-42.322834645669" endy="-84.645669291338" width="3.9370078740157" />
    <line layer="TOP_ASSEMBLY" originx="-42.322834645669" originy="-84.645669291338" endx="84.645669291338" endy="-84.645669291338" width="3.9370078740157" />
    <line layer="TOP_ASSEMBLY" originx="84.645669291338" originy="-84.645669291338" endx="84.645669291338" endy="84.645669291338" width="3.9370078740157" />
    <line layer="TOP_SILKSCREEN" originx="-116.14173228346" originy="84.645669291338" endx="84.645669291338" endy="84.645669291338" width="7.8740157480314" />
    <line layer="TOP_SILKSCREEN" originx="-42.322834645669" originy="-84.645669291338" endx="84.645669291338" endy="-84.645669291338" width="7.8740157480314" />
  </footprint>
  <symbol name="865250340002" originx="0" originy="0">
    <line originx="200" originy="100" endx="200" endy="-100" width="0" />
    <line originx="230" originy="-100" endx="200" endy="-100" width="0" />
    <line originx="230" originy="-100" endx="230" endy="100" width="0" />
    <line originx="200" originy="100" endx="230" endy="100" width="0" />
    <line originx="180" originy="50" endx="140" endy="50" width="0" />
    <line originx="160" originy="70" endx="160" endy="30" width="0" />
    <line originx="100" originy="0" endx="200" endy="0" width="0" />
    <line originx="300" originy="0" endx="400" endy="0" width="0" />
    <sympin number="1" originx="100" originy="0" rotation="180" length="100" width="7.8740157480315" flipped="False">
      <text name="pinname" originx="0" originy="-10" style="Default" rotation="0" justify="upperleft" flipped="False" hidden="True" data="+" />
      <text name="pindes" originx="0" originy="10" style="Default" rotation="0" justify="lowerleft" flipped="False" hidden="False" data="1" />
    </sympin>
    <sympin number="2" originx="400" originy="0" rotation="0" length="100" width="7.8740157480315" flipped="False">
      <text name="pinname" originx="500" originy="-10" style="Default" rotation="0" justify="upperright" flipped="False" hidden="True" data="-" />
      <text name="pindes" originx="500" originy="10" style="Default" rotation="0" justify="lowerright" flipped="False" hidden="False" data="2" />
    </sympin>
    <polygon type="polygon">
      <point x="300" y="100" />
      <point x="300" y="-100" />
      <point x="270" y="-100" />
      <point x="270" y="100" />
    </polygon>
  </symbol>
  <component name="865250340002" designatorprefix="C" height="216.53543307086" footprint="CAPAE430X550N">
    <comppin designator="1" sympin="1" pinswap="0" gateswap="0" gate="1" group="1" side="" type="Any" name="+" />
    <comppin designator="2" sympin="2" pinswap="0" gateswap="0" gate="1" group="1" side="" type="Any" name="-" />
    <attached_symbol gate="1" name="865250340002" />
    <pinmap designator="1" footprintpin="1" />
    <pinmap designator="2" footprintpin="2" />
    <text name="Datasheet" originx="0" originy="0" style="Default" rotation="0" justify="" flipped="False" hidden="True" data="https://componentsearchengine.com/Datasheets/2/865250340002.pdf" />
    <text name="Description" originx="0" originy="0" style="Default" rotation="0" justify="" flipped="False" hidden="True" data="Wurth Elektronik 4.7F 16V dc Aluminium Electrolytic Capacitor, Surface Mount 5.5 (Dia.) x 3.85mm +85C 5.5mm 1mm" />
    <text name="Manufacturer_Name" originx="0" originy="0" style="Default" rotation="0" justify="" flipped="False" hidden="True" data="Wurth Elektronik" />
    <text name="Manufacturer_Part_Number" originx="350" originy="150" style="Default" rotation="0" justify="left" flipped="False" hidden="False" data="865250340002" />
    <text name="Mouser Part Number" originx="0" originy="0" style="Default" rotation="0" justify="" flipped="False" hidden="True" data="710-865250340002" />
    <text name="Mouser Price/Stock" originx="0" originy="0" style="Default" rotation="0" justify="" flipped="False" hidden="True" data="https://www.mouser.co.uk/ProductDetail/Wurth-Elektronik/865250340002?qs=0KOYDY2FL298qwYqQV5RgA%3D%3D" />
    <text name="Arrow Part Number" originx="0" originy="0" style="Default" rotation="0" justify="" flipped="False" hidden="True" data="" />
    <text name="Arrow Price/Stock" originx="0" originy="0" style="Default" rotation="0" justify="" flipped="False" hidden="True" data="" />
  </component>
</quadcept_library>
